metrica,nome_metrica,Human_media,Human_std,Human_n,LLM_media,LLM_std,LLM_n,diferenca,t_statistic,t_pvalue,mann_whitney_u,mann_whitney_pvalue,cohens_d,interpretacao,significativo_005,significativo_001
rules_per_sentence,Regras por Sentenca,31.632206010625644,24.618926328019022,50444,37.11374257925982,15.79785655301038,79170,-5.481536568634176,-48.8270605295841,0.0,1447789325.0,0.0,-0.2650121178340404,pequeno,True,True
unique_rules_per_sentence,Regras Unicas por Sentenca,16.85118150820712,7.8033805996154015,50444,19.414879373500064,5.514266490303432,79170,-2.5636978652929443,-69.21459095060753,0.0,1452709605.0,0.0,-0.3794431590875731,pequeno,True,True
