,human_mean,human_std,human_n,llm_mean,llm_std,llm_n,t_statistic,p_ttest,u_statistic,p_mannwhitney,cohens_d,effect_size
media_silabas_por_sentenca,44.91194706883444,32.97507326127444,5391,52.479185548426464,9.92613700704213,5391,-16.134334093180712,6.95609786354563e-58,7435398.0,0.0,-0.31076448279311736,pequeno
media_silabas_por_palavra,2.168817721169442,0.1356754543496768,5391,2.386987029661874,0.09400059575088639,5391,-97.04951204596415,0.0,2585743.5,0.0,-1.8692771106701949,grande
